id	deleted_at	created_at	updated_at	version	nombre	descripcion	path	activa	turnosHabilitados	plasma	colecta	fecha_colecta	direccion_id	direccion_deleted_at	direccion_created_at	direccion_updated_at	direccion_version	direccion_lat	direccion_lng	direccion_calle	direccion_numero	direccion_piso	direccion_depto	direccion_codigo_postal	direccion_ciudad	direccion_localidad	direccion_provincia	direccion_pais	stock
24		2020-09-28T18:25:35.423Z	2026-09-29T00:57:51.000Z	5973	Hospital Carlos G. Durand	Juan B. Ambrosetti 743, Caballito, CABA. (Segundo piso, Pabellón Central) De lunes a viernes, de 8:00 a 10:30hs y sábados de 9:00 a 11:00hs.	durand	True	True	False	False		716		2020-09-28T18:25:35.419Z	2023-08-03T15:53:13.000Z	16	-34.609913	-58.43812500000001	Juan B. Ambrosetti	743			C1405BIK		Comuna 6	Buenos Aires	Argentine	30.8333
40		2020-10-30T23:28:19.284Z	2026-09-28T22:50:45.000Z	3586	"Hospital de Gastroenterología ""Dr. Carlos B Udaondo"""	Av. Caseros 2061, (acceso Pabellón B) Pabellón A- 1er piso Hemoterapia. De lunes a viernes de 8:00 a 11:30hs.	udaondo	True	True	False	False		1972		2020-10-30T23:28:19.279Z	2023-08-03T15:54:11.000Z	12	-34.634411	-58.391356	Avenida Caseros	2061			C1264AAA		Comuna 4	Buenos Aires	Argentina	27.5000
41		2020-10-30T23:44:28.202Z	2026-09-28T15:00:02.000Z	1622	Hospital General de Agudos Dr. Cosme Argerich	Pi y Margall 750 (y Av Brown), La Boca. PB consultorio 85. De lunes a viernes de 8 a 12	argerich	True	True	False	False		1974		2020-10-30T23:44:28.197Z	2023-08-03T15:54:27.000Z	19	-34.6280253	-58.3654965	Pi y Margall	750					Comuna 4	Buenos Aires	Argentina	7.0000
43		2020-11-13T17:30:30.395Z	2026-09-28T20:31:55.000Z	3058	Hospital Municipal de Quemados	Av. Pedro Goyena 369 - PB, Hemoterapia. De lunes a jueves de 8:30 a 10:30	quemados	True	True	False	False		2940		2020-11-13T17:30:30.390Z	2024-05-17T19:57:47.000Z	23	-34.6254921	-58.43222219999999	Avenida Pedro Goyena	369			C1424	BSD	Comuna 6	Buenos Aires	Argentina	9.5745
46		2020-11-28T20:03:18.189Z	2026-09-28T15:00:02.000Z	2653	Hospital Pirovano	Avenida Monroe 3555. Lunes a viernes de 8:00 a 11:40hs Concurrir con DNI y desayunado.	pirovano	True	True	False	False		4065		2020-11-28T20:03:18.184Z	2023-03-21T15:43:03.000Z	17	-34.564772	-58.47125490000001	Avenida Monroe	3555			C1430BKC		CABA	Buenos Aires	Argentina	37.5000
47		2020-11-28T20:37:51.839Z	2026-09-28T15:00:01.000Z	1525	Hospital Vélez Sarsfield	Calderón de la Barca 1550 (en P.B., patio del Vacunatorio). De Lunes a Viernes de 8:00 a 10:30hs.	velezsarsfield	True	True	False	False		4066		2020-11-28T20:37:51.834Z	2023-03-21T15:47:07.000Z	11	-34.6253397	-58.5077002	Pedro Calderón de la Barca	1550			C1407	KPL	Comuna 10	Buenos Aires	Argentina	12.5000
51		2020-12-09T04:59:04.805Z	2026-09-28T15:00:02.000Z	1640	"Hospital General de Agudos ""Abel Zubizarreta"""	Nueva York 3952, Villa Devoto. De lunes a viernes de 8 a 11	zubizarreta	True	True	False	False		4500		2020-12-09T04:59:04.791Z	2023-03-21T15:48:27.000Z	15	-34.60015179999999	-58.5108414	Nueva York	3952			C1419HDN		Comuna 11	Buenos Aires	Argentina	32.6087
54		2020-12-19T21:09:11.192Z	2026-09-28T23:25:48.000Z	4561	Hospital General de Agudos Dr. Juan A. Fernández	Avenida Cerviño 3356 (PB Sector Donantes) De lunes a viernes de 8 a 11:30.	fernandez	True	True	False	False		5055		2020-12-19T21:09:11.183Z	2024-10-29T16:32:04.000Z	10	-34.5813647	-58.4071226	Avenida Cerviño	3356			C1425		Comuna 14	Buenos Aires	Argentine	1.6667
55		2021-01-29T22:00:45.025Z	2026-09-28T21:40:56.000Z	2340	Hospital Maria Curie	Av. Patricias Argentinas 150, Caballito. Observación: la entrada para donar sangre se encuentra sobre la calle Roentgen, entre las calles Av. Patricias Argentinas. De lunes a viernes de 8.15 a 10	curie	True	True	False	False		6782		2021-01-29T22:00:45.021Z	2023-03-21T15:52:01.000Z	15	-34.6065188	-58.4330069	Roentgen	50			C1414		Comuna 6	Buenos Aires	Argentine	25.0000
84		2021-06-30T04:03:00.041Z	2026-09-28T17:36:58.000Z	2275	Hospital Dra. Cecilia Grierson	Av. General Francisco Fernández de la Cruz 4402, Villa Soldati. (Hemoterapia, Planta Baja) Lunes 13:00 a 15:30hs. Martes y miércoles de 8:30 a 11:00hs.	grierson	True	True	False	False		15467		2021-06-30T04:03:00.035Z	2024-11-22T20:40:21.000Z	9	-34.67297430000001	-58.4575777	Avenida General Francisco Fernández de la Cruz	4402				CABA	Comuna 8	Buenos Aires	Argentina	75.0000
211		2023-04-26T20:22:51.662Z	2026-09-28T21:50:24.000Z	4031	Hospital Bernardino Rivadavia	Av. Gral. Las Heras 2670, CABA Pabellón Peralta Ramos, 1.º piso. Subí por el ascensor N.º 4. De lunes a viernes de 8:30 a 11:00 hs	rivadavia	True	True	False	False		43860		2023-04-26T20:22:51.659Z	2024-04-26T19:15:58.000Z	6	-34.5850217	-58.40181690000001	Avenida General Las Heras	2670			C1425	Buenos Aires	Comuna 2	Buenos Aires	Argentina	57.5000
238		2023-11-07T19:13:07.487Z	2026-09-28T22:02:50.000Z	1913	Hospital General de Agudos Dr. Teodoro Álvarez	Aranguren 2701. De lunes a viernes de 8 a 11:30 hs. El servicio se encuentra ubicado en el pabellón central entrando por la puerta principal hacia la izquierda.	alvarez	True	True	False	False		48943		2023-11-07T19:13:07.480Z	2023-11-07T19:28:19.000Z	2	-34.62417060000001	-58.4694909	Doctor Juan Felipe Aranguren	2701			C1406	Buenos Aires	Comuna 7	Buenos Aires	Argentina	0.0000
315		2025-08-29T19:22:54.159Z	2026-09-29T00:56:53.000Z	4434	Fuhesa Bella Vista	Av. Ricchieri 390, Bella Vista, San Miguel. De lunes a sábado de 8:00 a 14:00hs.	fuhesabellavista	True	True	False	False		95984		2025-08-29T19:22:54.154Z	2025-08-29T19:22:54.154Z	1	-34.5578693	-58.6927574	Avenida Teniente General Ricchieri	390			B1661	Bella Vista	San Miguel	Provincia de Buenos Aires	Argentina	150.6667
316		2025-08-29T19:32:04.185Z	2026-09-29T00:35:36.000Z	9053	Fuhesa Chacarita	Av. Córdoba 6429, Chacarita, CABA. De lunes a sábados de 8:00 a 14:00hs.	fuhesachacarita	True	True	False	False		95986		2025-08-29T19:32:04.179Z	2025-08-29T19:32:04.179Z	1	-34.5820755	-58.45001120000001	Avenida Córdoba	6429			C1426	Buenos Aires	Comuna 15	Ciudad Autónoma de Buenos Aires	Argentina	40.6870
317		2025-08-29T19:40:13.422Z	2026-09-29T00:59:25.000Z	8402	Fuhesa Morón	Machado 970, Morón. De lunes a sábados de 8:00 a 14:00hs.	fuhesamorón	True	True	False	False		95987		2025-08-29T19:40:13.416Z	2025-08-29T19:40:13.416Z	1	-34.6464867	-58.62188920000001	Gral. Machado	970			B1708EOG	Morón	Morón	Provincia de Buenos Aires	Argentina	233.2927
318		2025-08-29T19:45:34.180Z	2026-09-28T21:50:08.000Z	6373	Fuhesa Barrio Norte	Marcelo T de Alvear 2289 entre Azcuenaga y Uriburu, Barrio Norte, Caba. De lunes a sábados de 8:00 a 14:00hs.	fuhesabarrionorte	True	True	False	False		95988		2025-08-29T19:45:34.173Z	2025-08-29T19:45:34.173Z	1	-34.596667	-58.39995930000001	Marcelo Torcuato de Alvear	2289			C1122AAI	Buenos Aires	Comuna 2	Ciudad Autónoma de Buenos Aires	Argentina	53.0882
356		2026-03-12T17:18:30.807Z	2026-09-29T00:09:51.000Z	2051	Hospital Delicia Concepción Masvernat	Monseñor Tavella 2000, Concordia, Entre Ríos. (Sector Laboratorio acceso por consultorio externo). De lunes a viernes de 7:00 a 13:00 hs y sábados de 7:00 a 11:00 hs.	hemoterapia.hdcm	True	True	False	False		170815		2026-03-12T17:18:30.800Z	2026-03-12T17:18:30.800Z	1	-31.3720413	-58.0207618	Monseñor Tavella	2000			E3202	Concordia	Concordia	Entre Ríos	Argentina	84.8000
381		2026-05-13T22:24:10.169Z	2026-09-29T00:52:36.000Z	3628	Centro Regional de Hemoterapia Mendoza	Montecaseros y Garibaldi, Ciudad de Mendoza. De lunes a viernes de 8:00 a 14:30 hs	crhmendoza	True	True	False	False		195573		2026-05-13T22:24:10.163Z	2026-05-13T22:24:10.163Z	1	-32.891534	-68.83188539999999	Garibaldi	501			M5502BHE		Capital	Mendoza	Argentina	35.2459
461		2026-08-06T13:16:58.134Z	2026-09-28T23:53:25.000Z	143	Colecta: Instituto Nuestra Señora del Libano	29/09/26 Arjonilla 50, San Martín, Mendoza. De 9:30 a 13:00 hs.	instnuestralibano290926	True	True	False	True	2026-09-29T03:00:00.000Z	235617		2026-08-06T13:16:58.120Z	2026-08-06T13:16:58.120Z	1	-33.0886901	-68.4768176	Arjonilla	50			M5570	San Martín	San Martín	Mendoza	Argentina	60.4167
462		2026-08-06T13:25:33.672Z	2026-09-28T20:37:34.000Z	160	Colecta: Esc 4-071 Julio Fernandez Pelaez	30/09/26 Las Camelias 1866, Maipú, Mendoza. De 9:00 a 12:30hs.	escfernandezpelaez300926	True	True	False	True	2026-09-30T03:00:00.000Z	235623		2026-08-06T13:25:33.654Z	2026-08-06T13:25:33.654Z	1	-32.9672834	-68.7605149	Las Camelias	1866			M5513	Maipú	Maipú	Mendoza	Argentina	97.9167
463		2026-08-12T16:59:25.536Z	2026-09-28T15:00:02.000Z	107	Colecta: Escuela María Mazzarello San Justo	30/09/26 Av. Don Bosco 4654, Morón, Provincia de Buenos Aires. De 8:00 a 13:00 hs.	escmazzarello	True	True	False	True	2026-09-30T03:00:00.000Z	237682		2026-08-12T16:59:25.530Z	2026-08-12T16:59:25.530Z	1	-34.67226369999999	-58.6070444	Avenida Don Bosco	4654			B1708	Morón	La Matanza	Provincia de Buenos Aires	Argentina	25.0000
468		2026-08-25T16:04:39.746Z	2026-09-28T15:00:02.000Z	76	Colecta: Espacio Cultural Marcó del Pont	29/09/26 Gral. José Gervasio Artigas 202, Cdad. Autónoma de Buenos Aires. De 11:00 a 16:00 hs.	espcultamarcopont29026	True	True	False	True	2026-09-29T03:00:00.000Z	242532		2026-08-25T16:04:39.735Z	2026-08-25T16:04:39.735Z	1	-34.6273753	-58.4653204	General José Gervasio Artigas	202			C1406	Buenos Aires	Comuna 7	Ciudad Autónoma de Buenos Aires	Argentina	11.1111
476		2026-09-08T17:39:55.226Z	2026-09-28T15:00:02.000Z	43	Colecta: Barrio Haras Santa Maria	03/10/26 Old Man, Panamericana Ramal Escobar 704 km. 54, Belén de Escobar, Provincia de Buenos Aires 10:00 a 15:00 hs.	harasantamaria031026	True	True	False	True	2026-10-03T03:00:00.000Z	249150		2026-09-08T17:39:55.213Z	2026-09-08T17:39:55.213Z	1	-34.3408125	-58.85093749999999	Old Man	Panamericana Ramal Escobar 704 km.54			B1630	Belén de Escobar	Escobar	Provincia de Buenos Aires	Argentina	2.2727
480		2026-09-15T13:52:03.349Z	2026-09-28T17:12:46.000Z	49	Colecta: Instituto Leonardo Murialdo	02/10/26 Av. Bandera de los Andes 4420, Mendoza. De 9:00 a 12:30 hs.	institleomuri021026	True	True	False	True	2026-10-02T03:00:00.000Z	252361		2026-09-15T13:52:03.339Z	2026-09-15T13:52:03.339Z	1	-32.9042423	-68.78681999999999	Avenida Bandera de los Andes	4420			M5521JMS		Guaymallén	Mendoza	Argentina	45.7143
481		2026-09-15T13:59:57.205Z	2026-09-28T17:12:56.000Z	32	Colecta: Escuela Angelino Arenas Raffo	05/10/26 Lavalle 382, Las Catitas, Mendoza. De 9:30 a 13:00.	escangaraffo051026	True	True	False	True	2026-10-05T03:00:00.000Z	252363		2026-09-15T13:59:57.200Z	2026-09-15T13:59:57.200Z	1	-33.29618749999999	-68.0480625	Lavalle	382			M5594	Las Catitas	Santa Rosa	Mendoza	Argentina	0.0000
482		2026-09-15T14:19:52.911Z	2026-09-28T17:13:06.000Z	32	Colecta: Iglesia C3 + Htal Gral Las Heras	06/10/26 Liniers 1054, Tupungato, Mendoza. 9:30 a 13:00 hs.	iglc3htalgrheras061026	True	True	False	True	2026-10-06T03:00:00.000Z	252376		2026-09-15T14:19:52.903Z	2026-09-15T14:19:52.903Z	1	-33.3652459	-69.1433507	Liniers	1054			M5561	Tupungato	Tupungato	Mendoza	Argentina	0.0000
483		2026-09-15T14:28:00.074Z	2026-09-28T23:31:18.000Z	41	Colecta: Escuela Avelino Maure	08/10/26 López y Planes, Godoy Cruz, Mendoza De 9:00 a 12:30 hs.	escavemaure081026	True	True	False	True	2026-10-08T03:00:00.000Z	252384		2026-09-15T14:28:00.065Z	2026-09-15T14:28:00.065Z	1	-32.9187908	-68.8546462	López y Planes				M5504	Godoy Cruz	Godoy Cruz	Mendoza	Argentina	20.0000
484		2026-09-15T14:33:22.875Z	2026-09-28T17:13:52.000Z	32	Colecta: Universidad Maza Sede Central + TMO	14/10/26 Lateral Sur del Acceso Este 2245, Guaymallén, Mendoza. 9:00 a 12:30hs.	univmazacentmo141026	True	True	False	True	2026-10-14T03:00:00.000Z	252387		2026-09-15T14:33:22.864Z	2026-09-15T14:33:22.864Z	1	-32.8989607	-68.8101325	Lateral Sur del Acceso Este	2245			M5519	Guaymallén	Guaymallén	Mendoza	Argentina	0.0000
485		2026-09-15T14:41:58.899Z	2026-09-28T15:00:02.000Z	31	Colecta: Colegio IMEI	16/10/26 Godoy Cruz T. 119, Maipú, Mendoza. 9:00 a 12:30hs.	coleimei161026	True	True	False	True	2026-10-16T03:00:00.000Z	252393		2026-09-15T14:41:58.892Z	2026-09-15T14:41:58.892Z	1	-32.9856999	-68.7843628	Godoy Cruz T.	119			M5515	Maipú	Maipú	Mendoza	Argentina	0.0000
486		2026-09-15T14:49:36.948Z	2026-09-28T17:14:37.000Z	33	Colecta: Club Sportivo Independiente Rivadavia y Fundacion Grupo America	20/10/26 Av. Boulogne Sur Mer 688, Mendoza. 9:00 a 12:30hs.	clubsprivfgam201026	True	True	False	True	2026-10-20T03:00:00.000Z	252396		2026-09-15T14:49:36.940Z	2026-09-15T14:49:36.940Z	1	-32.89098600000001	-68.8630429	Avenida Boulogne Sur Mer	688			M5500		Capital	Mendoza	Argentina	0.0000
487		2026-09-15T15:04:18.193Z	2026-09-28T17:14:48.000Z	31	Colecta: Iglesia Universal Sede Maipu	13/10/26 Ozamis 239, Mendoza. 9:00 a 12:30hs.	igunivmaipu131026	True	True	False	True	2026-10-13T03:00:00.000Z	252408		2026-09-15T15:04:18.186Z	2026-09-15T15:04:18.186Z	1	-32.9883902	-68.7919107	Ozamis	239			M5515ECE	Maipú	Maipú	Mendoza	Argentina	0.0000
488		2026-09-15T15:19:48.030Z	2026-09-28T17:15:00.000Z	31	Colecta: Colegio ICEI	22/10/26 Gral. Paz 531, Mendoza. 9:00 a 12:30hs.	coleicei221026	True	True	False	True	2026-10-22T03:00:00.000Z	252417		2026-09-15T15:19:48.020Z	2026-09-15T15:19:48.020Z	1	-32.8837695	-68.8448701	General Paz	531			M5502BKX		Capital	Mendoza	Argentina	0.0000
489		2026-09-15T15:25:06.098Z	2026-09-28T18:57:40.000Z	32	Colecta: Grupo Avinea Bodega Argenta	23/10/26 Juan de la Cruz Videla S/N Cruz de Piedra, Maipú, Mendoza 9:00 a 12:30 hs.	gruavibodearg231026	True	True	False	True	2026-10-23T03:00:00.000Z	252421		2026-09-15T15:25:06.089Z	2026-09-15T15:25:06.089Z	1	-33.0394375	-68.7784375	Juan de la Cruz Videla					Maipú	Maipú	Mendoza	Argentina	0.0000
491		2026-09-15T15:33:13.751Z	2026-09-28T17:15:23.000Z	32	Colecta: Hospital Central	29/10/26 L. N. Alem &, Salta, Mendoza. 9:00 a 12:30hs.	hospcentral291026	True	True	False	True	2026-10-29T03:00:00.000Z	252432		2026-09-15T15:33:13.744Z	2026-09-15T15:33:13.744Z	1	-32.8929252	-68.8357842	L. N. Alem				M5502		Capital	Mendoza	Argentina	0.0000
492		2026-09-15T15:41:45.438Z	2026-09-28T17:15:35.000Z	31	Colecta: Escuela Los Corralitos	30/10/26 Severo del Castillo N° 4174, Los Corralitos, Guaymallén, Mendoza. 9:00 a 12:30hs.	escloscorralitos301026	True	True	False	True	2026-10-30T03:00:00.000Z	252442		2026-09-15T15:41:45.432Z	2026-09-15T15:41:45.432Z	1	-32.9065625	-68.70106249999999	Severo del Castillo	N° 4174			M5527	Corralitos	Guaymallén	Mendoza	Argentina	0.0000
493		2026-09-22T18:55:51.236Z	2026-09-28T19:51:59.000Z	59	Colecta: Club Sarmiento Dolores	08/10/26 Sarmiento 666, Dolores, Provincia de Buenos Aires. De 8:00 a 14:00 hs.	clubsarmdolores81026	True	True	False	True	2026-10-08T03:00:00.000Z	255331		2026-09-22T18:55:51.228Z	2026-09-22T18:55:51.228Z	1	-36.3160029	-57.6708272	Sarmiento	666			B7100	Dolores	Dolores	Provincia de Buenos Aires	Argentina	71.6667
